{"accuracy": 0.8297872340425532, "confusion_matrix": [[15, 2, 2], [0, 14, 2], [1, 1, 10]], "report": {"0": {"precision": 0.9375, "recall": 0.7894736842105263, "f1-score": 0.8571428571428571, "support": 19.0}, "1": {"precision": 0.8235294117647058, "recall": 0.875, "f1-score": 0.8484848484848485, "support": 16.0}, "2": {"precision": 0.7142857142857143, "recall": 0.8333333333333334, "f1-score": 0.7692307692307693, "support": 12.0}, "accuracy": 0.8297872340425532, "macro avg": {"precision": 0.8251050420168067, "recall": 0.8326023391812866, "f1-score": 0.824952824952825, "support": 47.0}, "weighted avg": {"precision": 0.8417106204183802, "recall": 0.8297872340425532, "f1-score": 0.8317498104732148, "support": 47.0}}}